{"current":{"theme_color_primary":"#000000","theme_color_secondary":"#000000","theme_color_tertiary":"#33c9db","theme_color_four":"#b34a4a","theme_color_body_bg":"#eeeeee","theme_color_borders":"#e4e4e4","theme_text_color_primary":"#000000","theme_text_color_secondary":"#666666","theme_text_color_tertiary":"#999999","theme_text_color_banner":"#ffffff","theme_text_color_buttonone":"#ffffff","theme_bg_color_buttonone":"#333333","theme_border_color_buttonone":"#333333","theme_text_color_buttonone_hover":"#ffffff","theme_bg_color_buttonone_hover":"#33c9db","theme_border_color_buttonone_hover":"#33c9db","theme_text_color_buttontwo":"#000000","theme_bg_color_buttontwo":"#ffffff","theme_border_color_buttontwo":"#ffffff","theme_text_color_buttontwo_hover":"#ffffff","theme_bg_color_buttontwo_hover":"#000000","theme_border_color_buttontwo_hover":"#000000","theme_font_family":"Google+Raleway","theme_font_family_title":"Google+Montserrat","theme_font_family_tertiary":"Google+Raleway","theme_font_family_septenary":"Google+Playfair+Display","theme_font_family_senary":"Google+Montserrat","theme_font_size":"14px","theme_retine_enable":true,"theme_rtl_enable":false,"theme_responsive_enable":true,"theme_paneltool_enable":true,"theme_viewdetails_enable":true,"theme_mutilang_enable":false,"theme_newproduct":"100","theme_wishlist_enable":true,"theme_wishlist_page":"wishlist","theme_quickview_enable":true,"theme_quickview_swatch":false,"productitem_animate_enable":true,"productitem_animate_delay":"100","ajaxsearch_enable":true,"ajaxsearch_maxresult":"5","theme_more_pimages_enable":false,"theme_more_pimages_option":"showone","theme_float_style":"","theme_header_style":"header-default","theme_layout_mode":"layout-default","home_product_imagesize":"large","product_page_imagesize":"large","product_sidebar_imagesize":"small","product_menu_imagesize":"compact","product_cart_imagesize":"compact","apollo_count_down_enable":false,"apollo_count_down_collections":false,"apollo_count_down_prodetails":false,"apollo_count_down_dealpages":"","apollo_dealpages_count":"16","home_productdeal_time":"","pnewletter_enable":true,"pnewletter_cookie":"60","pnewletter_title":"NEWSLETTER SIGN UP","pnewletter_message":"<span>We promise we won't write to you often, only for the fun stuff.<\/span>\r\n<p>You'll get first access to :<\/p>\r\n<ul>\r\n<li>New product releases.<\/li>\r\n<li>Sales.<\/li>\r\n<\/ul>\r\n<p class=\"title-pnews\">Enter your Email:<\/p>","pnewletter_form_action":"\/\/hvduc.us11.list-manage.com\/subscribe\/post?u=355ea7b2b4b03bc8640b8efdd&amp;id=86fecc3357","pnewletter_social_enable":true,"pnewletter_social_title":"","pnewletter_social_facebook_link":"http:\/\/www.facebook.com\/","pnewletter_social_twitter_link":"http:\/\/www.twitter.com\/","pnewletter_social_rss_link":"http:\/\/www.your-shop.com\/feed\/","pnewletter_social_youtube_link":"https:\/\/www.youtube.com\/","pnewletter_social_googleplus_link":"https:\/\/plus.google.com\/","pnewletter_social_instagram_link":"","pnewletter_social_pinterest_link":"","apollo_megamenu_enable":true,"apollo_canvas_style":"styletwo","apollo_megamenu_bgcolor":"#f8f8f8","apollo_megamenu_bgoutcolor":"rgba(0,0,0,0)","apollo_megamenu_textcolor":"#000000","apollo_megamenu_linkcolor":"#000000","apollo_megamenu_linkhovercolor":"#33c9db","apollo_megamenu_linkhoverbgcolor":"rgba(0,0,0,0)","apollo_megamenu_bgsub":"#ffffff","apollo_megamenu_textcolorsub":"#666666","apollo_megamenu_linkcolorsub":"#666666","apollo_megamenu_linkhoversub":"#33c9db","apollo_megamenu_fontsize":"15px","apollo_megamenu_fontsizesub":"14px","apmenuitem_enable_1":true,"apmenuitem_title_1":"Shop","apmenuitem_fullwidth_1":true,"apmenuitem_width_1":"900px","apmenuitem_eblocklinks_1":true,"apmenuitem_columns_blocklinks_1":"6","apmenuitem_columns_1":"6","apmenuitem_evideo_1":false,"apmenuitem_columns_blockvideo_1":"1","apmenuitem_cvideo_1":"","apmenuitem_eproduct_1":true,"apmenuitem_columns_blockproducts_1":"3","apmenuitem_tproduct_1":"Bestseller","apmenuitem_cproduct_1":"best-seller","apmenuitem_nproduct_1":"3","apmenuitem_ehtml_1":true,"apmenuitem_columns_blockhtml_1":"3","apmenuitem_thtml_1":"Shop Wooden","apmenuitem_eihtml_1":true,"apmenuitem_chtml_1":"","apmenuitem_enable_2":true,"apmenuitem_title_2":"Blog","apmenuitem_fullwidth_2":true,"apmenuitem_width_2":"900px","apmenuitem_eblocklinks_2":true,"apmenuitem_columns_blocklinks_2":"6","apmenuitem_columns_2":"6","apmenuitem_evideo_2":false,"apmenuitem_columns_blockvideo_2":"3","apmenuitem_cvideo_2":"","apmenuitem_eproduct_2":true,"apmenuitem_columns_blockproducts_2":"3","apmenuitem_tproduct_2":"Hot Product","apmenuitem_cproduct_2":"hot-product","apmenuitem_nproduct_2":"3","apmenuitem_ehtml_2":true,"apmenuitem_columns_blockhtml_2":"3","apmenuitem_thtml_2":"","apmenuitem_eihtml_2":true,"apmenuitem_chtml_2":"","apmenuitem_enable_3":false,"apmenuitem_title_3":"","apmenuitem_fullwidth_3":false,"apmenuitem_width_3":"","apmenuitem_eblocklinks_3":false,"apmenuitem_columns_blocklinks_3":"1","apmenuitem_columns_3":"1","apmenuitem_evideo_3":false,"apmenuitem_columns_blockvideo_3":"1","apmenuitem_cvideo_3":"","apmenuitem_eproduct_3":false,"apmenuitem_columns_blockproducts_3":"1","apmenuitem_tproduct_3":"","apmenuitem_cproduct_3":"","apmenuitem_nproduct_3":"","apmenuitem_ehtml_3":false,"apmenuitem_columns_blockhtml_3":"1","apmenuitem_thtml_3":"","apmenuitem_eihtml_3":false,"apmenuitem_chtml_3":"","apmenuitem_enable_4":false,"apmenuitem_title_4":"","apmenuitem_fullwidth_4":false,"apmenuitem_width_4":"","apmenuitem_eblocklinks_4":false,"apmenuitem_columns_blocklinks_4":"1","apmenuitem_columns_4":"1","apmenuitem_evideo_4":false,"apmenuitem_columns_blockvideo_4":"1","apmenuitem_cvideo_4":"","apmenuitem_eproduct_4":false,"apmenuitem_columns_blockproducts_4":"1","apmenuitem_tproduct_4":"","apmenuitem_cproduct_4":"","apmenuitem_nproduct_4":"","apmenuitem_ehtml_4":false,"apmenuitem_columns_blockhtml_4":"1","apmenuitem_thtml_4":"","apmenuitem_eihtml_4":false,"apmenuitem_chtml_4":"","apmenuitem_enable_5":false,"apmenuitem_title_5":"","apmenuitem_fullwidth_5":false,"apmenuitem_width_5":"","apmenuitem_eblocklinks_5":false,"apmenuitem_columns_blocklinks_5":"1","apmenuitem_columns_5":"1","apmenuitem_evideo_5":false,"apmenuitem_columns_blockvideo_5":"1","apmenuitem_cvideo_5":"","apmenuitem_eproduct_5":false,"apmenuitem_columns_blockproducts_5":"1","apmenuitem_tproduct_5":"","apmenuitem_cproduct_5":"","apmenuitem_nproduct_5":"","apmenuitem_ehtml_5":false,"apmenuitem_columns_blockhtml_5":"1","apmenuitem_thtml_5":"","apmenuitem_eihtml_5":false,"apmenuitem_chtml_5":"","animated_enable":true,"animated_header":"shake","animated_slideshow":"shake","animated_prohotdeal":"shake","animated_bannerhometop":"shake","animated_prohomeone":"","animated_bannerhomecenter":"","animated_prohometwo":"","animated_prohomethree":"","animated_prohomefour":"","animated_prohomefive":"","animated_sidebarcategories":"","animated_banner":"","animated_sidebarblog":"","animated_sidebarproduct":"","animated_manufacture":"","animated_footaboutstore":"","animated_footlinkslist":"","animated_foottwitter":"","animated_footgooglemap":"","animated_footcopyright":"","theme_backtotop_enable":true,"slider_home_enable":true,"slider_group_class":"","slider_maxheight":"","slider_background_color":"#ffffff","slider_animation_type":"random","slider_width_mode":"custom","slideshow_transperiod":"500","slideshow_time":"80000","slider_type_Nav":"bullet","slider_style_arrows":"nextpreview","slidercaption_top":"27%","slidercaption_left":"80px","sliderbtn_text_color":"#ffffff","sliderbtn_bg_color":"#333333","sliderbtn_border_color":"#333333","sliderbtn_text_color_hover":"#ffffff","sliderbtn_bg_color_hover":"#33c9db","sliderbtn_border_color_hover":"rgba(0,0,0,0)","slide_1":true,"slideshow_url_1":"\/collections\/all","slider_caption_1":"left","slider_caption_top_1":"0px","slideshow_txtfirst_1":"Take me out for","slideshow_txtfirst_color_1":"#777777","slideshow_txtfirst_effect_1":"fade","slideshow_txtfirst_delay_1":"0.5s","slideshow_title_1":"A cup of coffee","slideshow_title_color_1":"#000000","slideshow_title_effect_1":"fade","slideshow_title_delay_1":"1s","slideshow_des_1":"Lorem ipsum dolor sit amet, consectetuer adipiscing elit, sed diam nonummy nibh euismod tincidunt ut laoreet dolore magna aliquam erat   lobortis nisl ut aliquipvolutpat","slideshow_des_color_1":"#666666","slideshow_des_effect_1":"fade","slideshow_des_delay_1":"1.5s","slideshow_textlink_1":"Shop Now","slideshow_urllink_1":"#","slideshow_button_effect_1":"fade","slideshow_button_delay_1":"2s","slide_2":true,"slideshow_url_2":"","slider_caption_2":"left","slider_caption_top_2":"0px","slideshow_txtfirst_2":"More luxury & Trending","slideshow_txtfirst_color_2":"#777777","slideshow_txtfirst_effect_2":"fade","slideshow_txtfirst_delay_2":"0.5s","slideshow_title_2":"Wood cup of tea","slideshow_title_color_2":"#000000","slideshow_title_effect_2":"fade","slideshow_title_delay_2":"0.5s","slideshow_des_2":"Lorem ipsum dolor sit amet, consectetuer adipiscing elit, sed diam nonummy nibh euismod tincidunt ut laoreet dolore magna aliquam erat   lobortis nisl ut aliquipvolutpat","slideshow_des_color_2":"#666666","slideshow_des_effect_2":"fade","slideshow_des_delay_2":"0.5s","slideshow_textlink_2":"Shop now","slideshow_urllink_2":"#","slideshow_button_effect_2":"fade","slideshow_button_delay_2":"0.5s","slide_3":false,"slideshow_url_3":"","slider_caption_3":"center","slider_caption_top_3":"0px","slideshow_txtfirst_3":"","slideshow_txtfirst_color_3":"#000000","slideshow_txtfirst_effect_3":"fade","slideshow_txtfirst_delay_3":"0.5s","slideshow_title_3":"","slideshow_title_color_3":"#000000","slideshow_title_effect_3":"fade","slideshow_title_delay_3":"0.5s","slideshow_des_3":"","slideshow_des_color_3":"#000000","slideshow_des_effect_3":"fade","slideshow_des_delay_3":"0.5s","slideshow_textlink_3":"","slideshow_urllink_3":"#","slideshow_button_effect_3":"fade","slideshow_button_delay_3":"0.5s","slide_4":false,"slideshow_url_4":"","slider_caption_4":"center","slider_caption_top_4":"0px","slideshow_txtfirst_4":"","slideshow_txtfirst_color_4":"#000000","slideshow_txtfirst_effect_4":"fade","slideshow_txtfirst_delay_4":"0.5s","slideshow_title_4":"","slideshow_title_color_4":"#000000","slideshow_title_effect_4":"fade","slideshow_title_delay_4":"0.5s","slideshow_des_4":"","slideshow_des_color_4":"#000000","slideshow_des_effect_4":"fade","slideshow_des_delay_4":"0.5s","slideshow_textlink_4":"","slideshow_urllink_4":"#","slideshow_button_effect_4":"fade","slideshow_button_delay_4":"0.5s","slide_5":false,"slideshow_url_5":"","slider_caption_5":"center","slider_caption_top_5":"0px","slideshow_txtfirst_5":"","slideshow_txtfirst_color_5":"#000000","slideshow_txtfirst_effect_5":"fade","slideshow_txtfirst_delay_5":"0.5s","slideshow_title_5":"","slideshow_title_color_5":"#000000","slideshow_title_effect_5":"fade","slideshow_title_delay_5":"0.5s","slideshow_des_5":"","slideshow_des_color_5":"#000000","slideshow_des_effect_5":"fade","slideshow_des_delay_5":"0.5s","slideshow_textlink_5":"","slideshow_urllink_5":"#","slideshow_button_effect_5":"fade","slideshow_button_delay_5":"0.5s","slide_6":false,"slideshow_url_6":"","slider_caption_6":"center","slider_caption_top_6":"0px","slideshow_txtfirst_6":"","slideshow_txtfirst_color_6":"#000000","slideshow_txtfirst_effect_6":"fade","slideshow_txtfirst_delay_6":"0.5s","slideshow_title_6":"","slideshow_title_color_6":"#000000","slideshow_title_effect_6":"fade","slideshow_title_delay_6":"0.5s","slideshow_des_6":"","slideshow_des_color_6":"#000000","slideshow_des_effect_6":"fade","slideshow_des_delay_6":"0.5s","slideshow_textlink_6":"","slideshow_urllink_6":"#","slideshow_button_effect_6":"fade","slideshow_button_delay_6":"0.5s","text_welcome":"Hello! Welcome to our store","email_topbar":"info@yourdomain.com","logo_use_image":true,"favicon_enable":true,"home_banner_bt_enable":true,"home_banner_bt_class":"","banner_background_color":"#f8f8f8","title_banner":"about us","text_banner":"Lorem ipsum dolor sit amet, consectetuer adipiscing elit, sed diam nonummy nibh euismod tincidunt ut laoreet dolore magna aliquam erat volutpat. Ut wisi enim ad minim veniam, quis nostrud exerci tation ullamcorper suscipit lobortis nisl ut aliquip ex ea commodo consequat. Duis autem vel eum iriure dolor in hendrerit in vulputate velit esse molestie consequat, vel illum dolore eu feugiat nulla facilisis at vero eros et ac-cumsan et iusto odio dignissim praesent luptatum","text_link_banner":"learn more","link_description_banner":"\/collection\/all","home_banner_link3":"\/collection\/all","home_productlists_enable":true,"home_productlists_lazy":false,"home_productlists_class":"","home_productlists_type":"owl_carousel","home_productlists_limit":"16","home_productlists_itempage":"8","home_productlists_columntab":"4","home_productlists_interval":"8000","home_productlist_titletab":"popular items","home_productlist_destitletab":"Pick the most popular products from us. May you love them!","home_productlists_collection":"best-seller","home_vendor_carousel_enable":true,"home_vendor_carousel_title":"","home_vendor_carousel_type":"owl_carousel","home_vendor_itempage":"6","home_vendor_columntab":"6","home_vendor_carousel_interval":"8000","home_vendor_enable_1":true,"home_vendor_name_1":"","home_vendor_enable_2":true,"home_vendor_name_2":"","home_vendor_enable_3":true,"home_vendor_name_3":"","home_vendor_enable_4":true,"home_vendor_name_4":"","home_vendor_enable_5":true,"home_vendor_name_5":"","home_vendor_enable_6":true,"home_vendor_name_6":"","home_vendor_enable_7":true,"home_vendor_name_7":"","home_vendor_enable_8":true,"home_vendor_name_8":"","home_vendor_enable_9":true,"home_vendor_name_9":"","home_vendor_enable_10":true,"home_vendor_name_10":"","home_vendor_enable_11":true,"home_vendor_name_11":"","home_vendor_enable_12":true,"home_vendor_name_12":"","home_vendor_enable_13":true,"home_vendor_name_13":"","home_vendor_enable_14":true,"home_vendor_name_14":"","home_vendor_enable_15":true,"home_vendor_name_15":"","home_vendor_enable_16":true,"home_vendor_name_16":"","home_vendor_enable_17":true,"home_vendor_name_17":"","home_vendor_enable_18":true,"home_vendor_name_18":"","home_blogs_enable":true,"home_blogs_class":"","home_blogs_title":"recent news <span>Our latest news, hottest promotion, everything you need is here<\/span>","home_blogs_type":"owl_carousel","home_blogs_select":"blog-left-sidebar","home_blogs_limit":"6","home_blogs_itemperpage":"3","home_blogs_itemcolumn":"3","home_blogs_interval":"8000","home_blogs_showimage":true,"home_blogs_imagesize":"large","about_us_footer":true,"footer_aboutshop_title":"KEEP IN TOUCH","footer_aboutshop_des":"Claritas est etiam processus dynamicus, qui sequitur mutatio nem consuetudium lectorum. Mirum est notare quam littera  gothica, quam putamus","footer_quicklinks_enable":true,"footer_quicklinks_title":"support","footer_quicklinks_linklist":"support","footer_quicklinks_enable_1":true,"footer_quicklinks_title_1":"Account","footer_quicklinks_linklist_1":"account-footer","sidebar_style_moblie":"accordion_sidebar","categories_block_enable":true,"categories_block_title":"Categories","categories_block_class":"","categories_block_productcount":true,"categories_block_style":"show_all","categories_block_number":"10","categories_block_items":"","shop_by_vendor_enable":true,"shop_by_vendor_title":"BRANDS","shop_by_vendor_class":"","shop_by_vendor_number":"10","shop_by_vendor_custom_enable":false,"shop_by_vendor_custom_list":"","shop_by_type_enable":false,"shop_by_type_title":"Product Type","shop_by_type_class":"","shop_by_type_number":"10","shop_by_type_custom_enable":false,"shop_by_type_custom_list":"","shop_by_catalog_enable":true,"use_multiple_filter":true,"shop_by_catalog_title":"Catalog","shop_by_catalog_class":"","shop_by_size_enable":true,"shop_by_size_title":"Size","shop_by_size_list":"XS,S,M,L,XL","shop_by_price_enable":true,"shop_by_price_title":"Price","shop_by_price_list":"Under $10,$10 - $20,$20 - $30,$30 - $40, Above $40","shop_by_color_enable":true,"shop_by_color_title":"Color","shop_by_color_text_1":"White","shop_by_color_text_2":"Silver","shop_by_color_text_3":"Gray","shop_by_color_text_4":"Black","shop_by_color_text_5":"Red","shop_by_color_text_6":"Yellow","shop_by_color_text_7":"Green","shop_by_color_text_8":"Blue","shop_by_color_text_9":"","shop_by_color_text_10":"","shop_by_color_text_11":"","shop_by_color_text_12":"","shop_by_color_text_13":"","shop_by_color_text_14":"","shop_by_color_text_15":"","shop_by_color_text_16":"","shop_by_color_text_17":"","shop_by_color_text_18":"","shop_by_color_text_19":"","shop_by_color_text_20":"","sidebar_products_enable":true,"sidebar_products_title":"Best Sellers","sidebar_products_class":"","sidebar_products_collection":"best-seller","sidebar_products_number":"5","sidebar_products_more_title":"","product_page_jqzoom_type":"jqzoom_windown","product_page_tabs_enable":true,"product_page_nextpreview":true,"product_page_swatch":true,"product_page_vendor":true,"product_page_availability":true,"product_page_description":true,"product_page_social_enable":true,"product_page_social_facebook_enable":true,"product_page_social_twitter_enable":true,"product_page_social_google_enable":true,"product_page_social_linkedin_enable":true,"product_page_social_pinterest_enable":true,"product_page_imageunder_enable":true,"product_reviews_enable":true,"product_moreinfo_tab1":true,"product_moreinfo_tab1title":"description","product_moreinfo_tab2":true,"product_moreinfo_tab2title":"Information","product_moreinfo_tab2des":"Claritas est etiam processus dynamicus, qui sequitur mutationem consuetudium lectorum. Mirum est notare quam littera gothica, quam nunc putamus parum claram, anteposuerit litterarum formas humanitatis per seacula quarta decima et quinta decima. Eodem modo typi, qui nunc nobis videntur parum clari, fiant sollemnes in futurum.","product_moreinfo_tab3":false,"product_moreinfo_tab3title":"Information","product_moreinfo_tab3des":"Lorem ipsum dolor sit amet, consectetuer adipiscing elit, sed diam nonummy nibh euismod tincidunt ut laoreet dolore magna aliquam erat volutpat. Ut wisi enim ad minim veniam, quis nostrud exerci tation ullamcorper suscipit lobortis naisl ut aliquip ex ea commodo consequat. Duis autem vel eum iriure dolor in hendrerit in vulputate velit esse molestie consequat, vel illum dolore eu feugiat nulla facilisis at vero eros et accumsan et iusto odio dignissim qui blandit praesent luptatum zzril delenit augue duis dolore te feugait nulla facilisi. Nam liber tempor cum soluta nobis eleifend option congue nihil imperdiet doming id quod mazim placerat facer possim assum. Typi non habent claritatem insitam; est usus legentis in iis qui facit eorum claritatem. Investigationes demonstraverunt lectores legere me lius quod ii legunt saepius. Claritas est etiam processus dynamicus, qui sequitur mutationem consuetudium lectorum. Mirum est notare quam littera gothica, quam nunc putamus parum claram, anteposuerit litterarum nobis videntur parum clari, fiant sollemnes in futurum.","product_moreinfo_tab4":true,"product_moreinfo_tab4title":"Reviews","product_related_enable":true,"product_related_type":"owl_carousel","product_related_title":"Related Item<span>Pick the most popular products from us. May you love them!<\/span>","product_related_interval":"8000","product_related_column_fullwidth":"4","product_related_column":"3","collection_product_per_page":"9","collection_product_per_row":"3","collection_product_per_row_full":"4","collection_product_userow":true,"collection_imgdefault_enable":true,"blogpage_imagesize":"master","blog_page_socialsharing_enable":true,"blog_page_socialsharing_title":"Social share","blog_page_socialsharing_code":"","blogsidebar_html_enable":true,"blogsidebar_html_title":"Sample Text Box","blogsidebar_html_des":"Create a page in your admin panel with a little bit of content. Then assign that page to the Text Widget section in the Theme Settings of your admin.","blogsidebar_html_link":"","cart_notes_enable":true,"cart_vendor_enable":true,"ajax_cart_enable":true,"ajax_cart_method":"modal","enable_img_about":true,"aboutus_background_color":"#ffffff","aboutus_text_color":"#666666","title_page_about_1":"Who We Are","des_page_about_1":"CoolStuff was founded in 2015 by Helen Osgerby, based on the simple premise that working with good people, making good things, made good sense. <br>\r\nWe have worked hard to source, collect and edit the best of British and Irish design carefully crafted things for the home that are designed and made on these shores.","title_page_about_2":"What We Do","des_page_about_2":"Our products are designed with thought to their purpose and are made carefully. They require skill and knowledge from the designer and the maker, they might have a history, they might preserve a tradition, maintain a heritage or support an industry. Almost all have a story to tell.","enable_list_about":true,"title_page_about_3":"Our Team","content_1":"<strong>John Doe<\/strong>\r\n<span>CEO, Founder<\/span>","content_2":"<strong>William Doe<\/strong>\r\n<span>Sale Director<\/span>","content_3":"<strong>Emma Doe<\/strong>\r\n<span>Sale Director<\/span>","aboutus_background_image":false,"contact_infor_title":"CONTACT INFO","contact_infor_des":"We'd love to hear from you - please use the form to send us your message or ideas. Or simply pop in for a cup of fresh tea and a cookie","contact_infor_address":"My Company, 42 avenue des Champs Elysées 75000 Paris France","contact_infor_phone":"Call us now: 0123-456-789","contact_infor_email":"Email: sales@yourcompany.com","contact_infor_website":"","found_text_color":"#ffffff","found_background_enable":true,"found_html":"We're sorry, but we can't find the page you were looking for. It's probably <br> some thing we've done wrong but now we know about it and we'll try to fix it.<br> In the meantime, try one of these options:","found_btnleft_text":"Go to Collection","found_btnleft_link":"\/collections\/all","found_btnright_text":"Go to Home Page","found_btnright_link":"\/","password_bg_color":"#ffffff","password_text_color":"#ffffff","password_bg_image":true,"twittercard_handle":"@","show_multiple_currencies":true,"currency_format":"money_format","supported_currencies_1":"USD","supported_currencies_2":"EUR","supported_currencies_3":"AUD","supported_currencies_4":"GBP","supported_currencies_5":"JPY","footer_social_enable":true,"footer_social_title":"","footer_social_facebook_link":"https:\/\/www.facebook.com\/shopify\/?fref=ts","footer_social_twitter_link":"https:\/\/twitter.com\/shopify","footer_social_instagram_link":"https:\/\/www.instagram.com\/shopify\/","footer_social_pinterest_link":"","footer_social_rss_link":"https:\/\/help.shopify.com\/manual\/sell-online\/online-store\/blogs","footer_social_youtube_link":"","footer_social_googleplus_link":"https:\/\/plus.google.com\/+shopify","homepage_newsletter_enable":true,"homepage_newsletter_title":"Newsletter","homepage_newsletter_des":"Signup to be the first who receive our latest news and promotions","newsletter_form_action":"\/\/hvduc.us11.list-manage.com\/subscribe\/post?u=355ea7b2b4b03bc8640b8efdd&amp;id=86fecc3357","checkout_header_image":"","checkout_use_storefront_logo":false,"checkout_logo_image":"","checkout_logo_position":"left","checkout_logo_size":"medium","checkout_body_background_image":"","checkout_body_background_color":"#fff","checkout_input_background_color_mode":"white","checkout_sidebar_background_image":"","checkout_sidebar_background_color":"#fafafa","checkout_heading_font":"Helvetica Neue","checkout_body_font":"Helvetica Neue","checkout_accent_color":"#1990c6","checkout_button_color":"#1990c6","checkout_error_color":"#ff6d6d","home_banner_link":"\/collection\/all1","checkout_use_header_image":false,"checkout_logo":"","checkout_use_body_background_image":false,"checkout_use_sidebar_background_image":false,"home_service_enable":true,"icon_service_1":"fa-send-o","title_shipping_1":"FREE SHIPPING","text_service_1":"Claritas processus dynamicus sequitur mutationem consuetudium lectorum.","icon_service_2":"fa-bullhorn","title_shipping_2":"FRIENDLY SUPPORT","text_service_2":"Claritas processus dynamicus sequitur mutationem consuetudium lectorum.","icon_service_3":"fa-history","title_shipping_3":"MONEY BACK","text_service_3":"Claritas processus dynamicus sequitur mutationem consuetudium lectorum.","home_banner_enable":true,"home_banner_class":"","home_banner_link1":"#","home_banner_link2":"#","show_instagram":true,"instagram_bg_color":"#ffffff","instagram_title":"from instagram<span>Pick the most popular products from us. May you love them!<\/span>","urlto_instagram":"https:\/\/www.instagram.com\/shopify\/","linkall_instagram":"Follow Us","instagram_titleimage_enable":false,"instagram_titleimage_link":"#","instagram_get":"user","client-id":"","instagram_tag":"","instagram_locationId":"","user-id":"3282398459","accessToken":"3282398459.2dd3e61.33f43f20eee9467fbf8c974fc363522c","instagram_limit":"12","homepage_testimmonial_enable":true,"homepage_testimmonial_des_1":"&nbsp;Duis autem eum iriure dolor in hendrerit in vulputate velit esse\r\nmolestie consequat, vel illum dolore eu feugiat nulla facilisis at vero eros et accumsan et iusto odio dignissim","homepage_testimmonial_name_1":"LAINGOCKIEN","homepage_testimmonial_sub_1":"Comment via Facebook","homepage_testimmonial_des_2":"&nbsp;Duis autem eum iriure dolor in hendrerit in vulputate velit esse\r\nmolestie consequat, vel illum dolore eu feugiat nulla facilisis at vero eros et accumsan et iusto odio dignissim","homepage_testimmonial_name_2":"LAINGOCKIEN","homepage_testimmonial_sub_2":"Comment via Facebook","homepage_testimmonial_des_3":"","homepage_testimmonial_name_3":"","homepage_testimmonial_sub_3":"","footer_quicklinks_enable_2":true,"footer_quicklinks_title_2":"Footer Link","footer_quicklinks_linklist_2":"footer","sidebar_products_recently_enable":false,"sidebar_products_recently_title":"Product Reviewed","sidebar_products_recently_class":"","sidebar_products_recently_number":"","sidebar_banner_enable":false,"sidebar_banner_link":"\/collections\/all","verticalmenu_enable":false,"verticalmenu_linklist":"main-menu","verticalmenu_title":"Vertical Megamenu","verticalmenu_class":"","verticalmenu_fontsize":"14px","verticalmenu_subfontsize":"14px","verticalmenu_bgcolor":"#FFFFFF","verticalmenu_textcolor":"#000000","verticalmenu_linkcolor":"#000000","verticalmenu_linkhovercolor":"#666666","verticalmenu_linkhoverbgcolor":"#FFFFFF","verticalmenu_textcolorsub":"#666666","verticalmenu_linkcolorsub":"#666666","verticalmenu_linkhoversub":"#000000","vermenuicon_enable":true,"vermenuicon_color":"#000000","vermenuicon_font_1":"","vermenuicon_eimage_1":true,"vermenuicon_font_2":"","vermenuicon_eimage_2":true,"vermenuicon_font_3":"","vermenuicon_eimage_3":true,"vermenuicon_font_4":"","vermenuicon_eimage_4":true,"vermenuicon_font_5":"","vermenuicon_eimage_5":true,"vermenuicon_font_6":"","vermenuicon_eimage_6":true,"vermenuicon_font_7":"","vermenuicon_eimage_7":true,"vermenuicon_font_8":"","vermenuicon_eimage_8":false,"vermenuicon_font_9":"","vermenuicon_eimage_9":false,"vermenuicon_font_10":"","vermenuicon_eimage_10":false,"vermenuitem_menu_desc_1":"","vermenuitem_menu_desc_2":"","vermenuitem_menu_desc_3":"","vermenuitem_menu_desc_4":"","vermenuitem_menu_desc_5":"","vermenuitem_menu_desc_6":"","vermenuitem_menu_desc_7":"","vermenuitem_menu_desc_8":"","vermenuitem_menu_desc_9":"","vermenuitem_menu_desc_10":"","vermenuitem_enable_1":true,"vermenuitem_title_1":"Catalog","vermenuitem_eimage_1":false,"vermenuitem_width_1":"600px","vermenuitem_eblocklinks_1":true,"vermenuitem_columns_blocklinks_1":"12","vermenuitem_columns_1":"6","vermenuitem_evideo_1":false,"vermenuitem_columns_blockvideo_1":"1","vermenuitem_cvideo_1":"","vermenuitem_eproduct_1":false,"vermenuitem_columns_blockproducts_1":"1","vermenuitem_tproduct_1":"","vermenuitem_cproduct_1":"","vermenuitem_nproduct_1":"","vermenuitem_ehtml_1":false,"vermenuitem_columns_blockhtml_1":"1","vermenuitem_thtml_1":"","vermenuitem_eihtml_1":false,"vermenuitem_chtml_1":"","vermenuitem_enable_2":false,"vermenuitem_title_2":"","vermenuitem_eimage_2":false,"vermenuitem_width_2":"","vermenuitem_eblocklinks_2":false,"vermenuitem_columns_blocklinks_2":"1","vermenuitem_columns_2":"1","vermenuitem_evideo_2":false,"vermenuitem_columns_blockvideo_2":"1","vermenuitem_cvideo_2":"","vermenuitem_eproduct_2":false,"vermenuitem_columns_blockproducts_2":"1","vermenuitem_tproduct_2":"","vermenuitem_cproduct_2":"","vermenuitem_nproduct_2":"","vermenuitem_ehtml_2":false,"vermenuitem_columns_blockhtml_2":"1","vermenuitem_thtml_2":"","vermenuitem_eihtml_2":false,"vermenuitem_chtml_2":"","vermenuitem_enable_3":false,"vermenuitem_title_3":"","vermenuitem_eimage_3":false,"vermenuitem_width_3":"","vermenuitem_eblocklinks_3":false,"vermenuitem_columns_blocklinks_3":"1","vermenuitem_columns_3":"1","vermenuitem_evideo_3":false,"vermenuitem_columns_blockvideo_3":"1","vermenuitem_cvideo_3":"","vermenuitem_eproduct_3":false,"vermenuitem_columns_blockproducts_3":"1","vermenuitem_tproduct_3":"","vermenuitem_cproduct_3":"","vermenuitem_nproduct_3":"","vermenuitem_ehtml_3":false,"vermenuitem_columns_blockhtml_3":"1","vermenuitem_thtml_3":"","vermenuitem_eihtml_3":false,"vermenuitem_chtml_3":"","vermenuitem_enable_4":false,"vermenuitem_title_4":"","vermenuitem_eimage_4":false,"vermenuitem_width_4":"","vermenuitem_eblocklinks_4":false,"vermenuitem_columns_blocklinks_4":"1","vermenuitem_columns_4":"1","vermenuitem_evideo_4":false,"vermenuitem_columns_blockvideo_4":"1","vermenuitem_cvideo_4":"","vermenuitem_eproduct_4":false,"vermenuitem_columns_blockproducts_4":"1","vermenuitem_tproduct_4":"","vermenuitem_cproduct_4":"","vermenuitem_nproduct_4":"","vermenuitem_ehtml_4":false,"vermenuitem_columns_blockhtml_4":"1","vermenuitem_thtml_4":"","vermenuitem_eihtml_4":false,"vermenuitem_chtml_4":"","vermenuitem_enable_5":false,"vermenuitem_title_5":"","vermenuitem_eimage_5":false,"vermenuitem_width_5":"","vermenuitem_eblocklinks_5":false,"vermenuitem_columns_blocklinks_5":"1","vermenuitem_columns_5":"1","vermenuitem_evideo_5":false,"vermenuitem_columns_blockvideo_5":"1","vermenuitem_cvideo_5":"","vermenuitem_eproduct_5":false,"vermenuitem_columns_blockproducts_5":"1","vermenuitem_tproduct_5":"","vermenuitem_cproduct_5":"","vermenuitem_nproduct_5":"","vermenuitem_ehtml_5":false,"vermenuitem_columns_blockhtml_5":"1","vermenuitem_thtml_5":"","vermenuitem_eihtml_5":false,"vermenuitem_chtml_5":"","map_title":"","map_zoom":"8","map_title_1":"Your Shop Name","map_address_1":"Your Shop Address","map_lat_1":"45.422230","map_long_1":"-75.692413","map_title_2":"","map_address_2":"","map_lat_2":"","map_long_2":"","map_title_3":"","map_address_3":"","map_lat_3":"","map_long_3":"","map_title_4":"","map_address_4":"","map_lat_4":"","map_long_4":"","map_title_5":"","map_address_5":"","map_lat_5":"","map_long_5":"","map_title_6":"","map_address_6":"","map_lat_6":"","map_long_6":"","map_title_7":"","map_address_7":"","map_lat_7":"","map_long_7":"","map_title_8":"","map_address_8":"","map_lat_8":"","map_long_8":"","map_title_9":"","map_address_9":"","map_lat_9":"","map_long_9":"","map_title_10":"","map_address_10":"","map_lat_10":"","map_long_10":"","home_producttabs_enable":true,"home_producttabs_lazy":false,"home_producttabs_class":"","home_producttabs_type":"owl_carousel","home_producttabs_limit":"8","home_producttabs_itempage":"4","home_producttabs_columntab":"4","home_producttabs_interval":"8000","home_producttabs_titletab_1":"New Arrivals","home_producttabs_collection_1":"","home_producttabs_titletab_2":"Best Seller","home_producttabs_collection_2":"","home_producttabs_titletab_3":"Featured Products","home_producttabs_collection_3":"","home_blogs_createdate":true,"home_blogs_counter":true,"checkout_banner_background_color":"#fff","checkout_headline":"","checkout_call_to_action_color":"#8fc243","map_home_enable":false,"twitter_enable":false,"twitter_title":"","twitter_id":"466140917783465984","twitter_count":"2","twitter_user":"ApolloTheme","twitter_border_color":"#000000","twitter_link_color":"#000000","twitter_text_color":"#000000","twitter_name_color":"#000000","twitter_width":"262","twitter_height":"300","twitter_show_background":false,"twitter_show_border_enable":false,"twitter_show_replies":false,"twitter_show_header":false,"twitter_show_footer":false,"twitter_show_scrollbar":false,"content_for_index":[]},"presets":{"Default":[]}}